INSERT INTO db_springboot_backend.regiones (id, nombre) VALUES (1,'África');
INSERT INTO db_springboot_backend.regiones (id, nombre) VALUES (2,'América');
INSERT INTO db_springboot_backend.regiones (id, nombre) VALUES (3,'Oceanía');
INSERT INTO db_springboot_backend.regiones (id, nombre) VALUES (4,'Antártida');
INSERT INTO db_springboot_backend.regiones (id, nombre) VALUES (5,'Asia');
INSERT INTO db_springboot_backend.regiones (id, nombre) VALUES (6,'Europa');

INSERT INTO db_springboot_backend.cliente (apellidos,create_at,email,nombre,region_id) VALUES('Alba','2022-01-01','Alba@Didas.com','Didas',1);
INSERT INTO db_springboot_backend.cliente (apellidos,create_at,email,nombre,region_id) VALUES('Agustín','2022-01-01','Agustín@Aja.com','Aja',2);
INSERT INTO db_springboot_backend.cliente (apellidos,create_at,email,nombre,region_id) VALUES('Aitor','2022-01-01','Aitor@Tilla.com','Tilla',3);
INSERT INTO db_springboot_backend.cliente (apellidos,create_at,email,nombre,region_id) VALUES('Alberto','2022-01-01','Alberto@Cadiscos.com','Cadiscos',4);
INSERT INTO db_springboot_backend.cliente (apellidos,create_at,email,nombre,region_id) VALUES('Armando','2022-01-01','Armando@Adistancia.com','Adistancia',5);
INSERT INTO db_springboot_backend.cliente (apellidos,create_at,email,nombre,region_id) VALUES('Borja','2022-01-01','Borja@MóndeYork.com','Món de York',6);
INSERT INTO db_springboot_backend.cliente (apellidos,create_at,email,nombre,region_id) VALUES('Baldomero','2022-01-01','Baldomero@alaplancha.com','a la plancha',1);
INSERT INTO db_springboot_backend.cliente (apellidos,create_at,email,nombre,region_id) VALUES('Cándida','2022-01-01','Cándida@Servidora.com','Servidora',2);
INSERT INTO db_springboot_backend.cliente (apellidos,create_at,email,nombre,region_id) VALUES('Carmelo','2022-01-01','Carmelo@Cotón.com','Cotón',3);
INSERT INTO db_springboot_backend.cliente (apellidos,create_at,email,nombre,region_id) VALUES('Carmen','2022-01-01','Carmen@Opausia.com','Opausia',4);
INSERT INTO db_springboot_backend.cliente (apellidos,create_at,email,nombre,region_id) VALUES('Chema','2022-01-01','Chema@Pamundi.com','Pamundi',5);
INSERT INTO db_springboot_backend.cliente (apellidos,create_at,email,nombre,region_id) VALUES('Claudio','2022-01-01','Claudio@Pus.com','Pus',6);
INSERT INTO db_springboot_backend.cliente (apellidos,create_at,email,nombre,region_id) VALUES('Daniel','2022-01-01','Daniel@delaGranjaSanFrancisco.com','de la Granja San Francisco',1);
INSERT INTO db_springboot_backend.cliente (apellidos,create_at,email,nombre,region_id) VALUES('Demetrio','2022-01-01','Demetrio@Imedio.com','Imedio',2);
INSERT INTO db_springboot_backend.cliente (apellidos,create_at,email,nombre,region_id) VALUES('Diego','2022-01-01','Diego@Norrea.com','Norrea',3);
INSERT INTO db_springboot_backend.cliente (apellidos,create_at,email,nombre,region_id) VALUES('Eusebio','2022-01-01','Eusebio@Cura.com','Cura',4);
INSERT INTO db_springboot_backend.cliente (apellidos,create_at,email,nombre,region_id) VALUES('Francisco','2022-01-01','Francisco@Rupto.com','Rupto',5);
INSERT INTO db_springboot_backend.cliente (apellidos,create_at,email,nombre,region_id) VALUES('Jesús','2022-01-01','Jesús@Tituto.com','Tituto',6);
INSERT INTO db_springboot_backend.cliente (apellidos,create_at,email,nombre,region_id) VALUES('Ernesto','2022-01-01','Ernesto@Esvida.com','Esvida',1);
INSERT INTO db_springboot_backend.cliente (apellidos,create_at,email,nombre,region_id) VALUES('Ernesto','2022-01-01','Ernesto@MateenSalsa.com','Mate en Salsa',2);
INSERT INTO db_springboot_backend.cliente (apellidos,create_at,email,nombre,region_id) VALUES('Estela','2022-01-01','Estela@Gartija.com','Gartija',3);
INSERT INTO db_springboot_backend.cliente (apellidos,create_at,email,nombre,region_id) VALUES('Felipe','2022-01-01','Felipe@Lotas.com','Lotas',4);
INSERT INTO db_springboot_backend.cliente (apellidos,create_at,email,nombre,region_id) VALUES('Felipe','2022-01-01','Felipe@Luquín.com','Luquín',5);
INSERT INTO db_springboot_backend.cliente (apellidos,create_at,email,nombre,region_id) VALUES('Francisco','2022-01-01','Francisco@Barde.com','Barde',6);
INSERT INTO db_springboot_backend.cliente (apellidos,create_at,email,nombre,region_id) VALUES('Francisco','2022-01-01','Francisco@LorincoLorado.com','Lorinco Lorado',1);
INSERT INTO db_springboot_backend.cliente (apellidos,create_at,email,nombre,region_id) VALUES('Germán','2022-01-01','Germán@Tequilla.com','Tequilla',2);
INSERT INTO db_springboot_backend.cliente (apellidos,create_at,email,nombre,region_id) VALUES('Gordopilo','2022-01-01','Gordopilo@Pelota.com','Pelota',3);
INSERT INTO db_springboot_backend.cliente (apellidos,create_at,email,nombre,region_id) VALUES('Gustavo','2022-01-01','Gustavo@deBásica.com','de Básica',4);
INSERT INTO db_springboot_backend.cliente (apellidos,create_at,email,nombre,region_id) VALUES('Janina','2022-01-01','Janina@Martí.com','Martí',5);
INSERT INTO db_springboot_backend.cliente (apellidos,create_at,email,nombre,region_id) VALUES('Jesús','2022-01-01','Jesús@PirosdeEspaña.com','Piros de España',6);
INSERT INTO db_springboot_backend.cliente (apellidos,create_at,email,nombre,region_id) VALUES('Josechu','2022-01-01','Josechu@Letón.com','Letón',1);
INSERT INTO db_springboot_backend.cliente (apellidos,create_at,email,nombre,region_id) VALUES('Luis','2022-01-01','Luis@RicardoBorriquero.com','Ricardo Borriquero',2);
INSERT INTO db_springboot_backend.cliente (apellidos,create_at,email,nombre,region_id) VALUES('María Luisa','2022-01-01','María Luisa@delaFaja.com','de la Faja',3);
INSERT INTO db_springboot_backend.cliente (apellidos,create_at,email,nombre,region_id) VALUES('MariPaz','2022-01-01','MariPaz@DescanseEnellaMisma.com','Descanse Enella Misma',4);
INSERT INTO db_springboot_backend.cliente (apellidos,create_at,email,nombre,region_id) VALUES('Mirella','2022-01-01','Mirella@BailaSola.com','Baila Sola',5);
INSERT INTO db_springboot_backend.cliente (apellidos,create_at,email,nombre,region_id) VALUES('Mister','2022-01-01','Mister@Gun.com','Gun',6);
INSERT INTO db_springboot_backend.cliente (apellidos,create_at,email,nombre,region_id) VALUES('Medusa','2022-01-01','Medusa@BultacoLobito.com','Bultaco Lobito',1);
INSERT INTO db_springboot_backend.cliente (apellidos,create_at,email,nombre,region_id) VALUES('Asín','2022-01-01','Asín@queCualo.com','que Cualo',2);
INSERT INTO db_springboot_backend.cliente (apellidos,create_at,email,nombre,region_id) VALUES('ProfesorHansenburgenhagen','2022-01-01','ProfesorHansenburgenhagen@delaUniversidaddeBolonia.com','de la Universidad de Bolonia',3);
INSERT INTO db_springboot_backend.cliente (apellidos,create_at,email,nombre,region_id) VALUES('Rafael','2022-01-01','Rafael@Benedito.com','Benedito',4);
INSERT INTO db_springboot_backend.cliente (apellidos,create_at,email,nombre,region_id) VALUES('Ramón','2022-01-01','Ramón@Aguillo.com','Aguillo',5);
INSERT INTO db_springboot_backend.cliente (apellidos,create_at,email,nombre,region_id) VALUES('Rubén','2022-01-01','Rubén@Tosidad.com','Tosidad',6);
INSERT INTO db_springboot_backend.cliente (apellidos,create_at,email,nombre,region_id) VALUES('Señor','2022-01-01','Señor@IgualoMismo.com','Igual o Mismo',1);


INSERT INTO db_springboot_backend.usuarios (username, password, enabled) VALUES ('andres', '$2a$10$NxRwGdHFThL4KHY9IQTcCubDGOUlQYJ4YU.SAnYP.SJEN5xl8mV1y', 1);
INSERT INTO db_springboot_backend.usuarios (username, password, enabled) VALUES ('javier', '$2a$10$zhpxzMd/1qkOi1sewmkCoesusrpBP3L4IqI9hUrYuRR88gKhoLwLK', 1);

INSERT INTO db_springboot_backend.roles (nombre) VALUES ('ROLE_USER');
INSERT INTO db_springboot_backend.roles (nombre) VALUES ('ROLE_ADMIN');

INSERT INTO db_springboot_backend.usuarios_roles (usuario_id, role_id) VALUES (1, 1);
INSERT INTO db_springboot_backend.usuarios_roles (usuario_id, role_id) VALUES (2, 1);
INSERT INTO db_springboot_backend.usuarios_roles (usuario_id, role_id) VALUES (2, 2);

